chr	filename	rows
chr1	tcga_atac_with_repliseq.10kb.chr1.tsv.gz	22125
chr10	tcga_atac_with_repliseq.10kb.chr10.tsv.gz	13135
chr11	tcga_atac_with_repliseq.10kb.chr11.tsv.gz	13004
chr12	tcga_atac_with_repliseq.10kb.chr12.tsv.gz	12952
chr13	tcga_atac_with_repliseq.10kb.chr13.tsv.gz	8965
chr14	tcga_atac_with_repliseq.10kb.chr14.tsv.gz	8645
chr15	tcga_atac_with_repliseq.10kb.chr15.tsv.gz	7653
chr16	tcga_atac_with_repliseq.10kb.chr16.tsv.gz	7784
chr17	tcga_atac_with_repliseq.10kb.chr17.tsv.gz	7638
chr18	tcga_atac_with_repliseq.10kb.chr18.tsv.gz	7331
chr19	tcga_atac_with_repliseq.10kb.chr19.tsv.gz	5528
chr2	tcga_atac_with_repliseq.10kb.chr2.tsv.gz	23524
chr20	tcga_atac_with_repliseq.10kb.chr20.tsv.gz	5880
chr21	tcga_atac_with_repliseq.10kb.chr21.tsv.gz	4373
chr22	tcga_atac_with_repliseq.10kb.chr22.tsv.gz	3296
chr3	tcga_atac_with_repliseq.10kb.chr3.tsv.gz	19291
chr4	tcga_atac_with_repliseq.10kb.chr4.tsv.gz	18627
chr5	tcga_atac_with_repliseq.10kb.chr5.tsv.gz	17346
chr6	tcga_atac_with_repliseq.10kb.chr6.tsv.gz	16354
chr7	tcga_atac_with_repliseq.10kb.chr7.tsv.gz	15366
chr8	tcga_atac_with_repliseq.10kb.chr8.tsv.gz	14090
chr9	tcga_atac_with_repliseq.10kb.chr9.tsv.gz	11198
